<?xml version="1.0" encoding="UTF-8"?>
<!-- bean configuration using xml code -->

<!-- <beans xmlns ="http://www.springframework.org/schema/beans"
   xmlns:xsi = "http://www.w3.org/2001/XMLSchema-instance"
   xsi:schemaLocation = "http://www.springframework.org/schema/beans
   http://www.springframework.org/schema/beans/spring-beans-4.0.xsd">
  
   <bean id="vehicle" class="com.cts.training.mavin.Car"></bean>
   
   </beans>
   
    -->
    
    
    <!--  bean configuration using annotation -->
    
    <beans  xmlns = "http://www.springframework.org/schema/beans"
   xmlns:xsi = "http://www.w3.org/2001/XMLSchema-instance"
   xmlns:context = "http://www.springframework.org/schema/context"
   xsi:schemaLocation = "http://www.springframework.org/schema/beans
   http://www.springframework.org/schema/beans/spring-beans-3.0.xsd
   http://www.springframework.org/schema/context
   http://www.springframework.org/schema/context/spring-context-3.0.xsd">
    
    <context:component-scan base-package="com.cts.training.mavin"></context:component-scan>
    
    <bean id="tyre" class="com.cts.training.mavin.Tyre">
    <!-- <property name="brand" value="MRF"></property> -->
  <!--   <constructor-arg value="Mrf"></constructor-arg>
    
 -->     </bean>
    
    
    </beans>